{
  "CO,mg/支": {
    "objective": "reg:squarederror",
    "random_state": 42,
    "n_jobs": -1,
    "tree_method": "hist",
    "device": "cuda",
    "n_estimators": 767,
    "max_depth": 4,
    "learning_rate": 0.020307791472473788,
    "subsample": 0.6300934294447734,
    "colsample_bytree": 0.7565150458779059,
    "min_child_weight": 0.7626277438042995,
    "reg_alpha": 0.01547424269526888,
    "reg_lambda": 0.5336071153097399
  },
  "HCN,ug/支": {
    "objective": "reg:squarederror",
    "random_state": 42,
    "n_jobs": -1,
    "tree_method": "hist",
    "device": "cuda",
    "n_estimators": 252,
    "max_depth": 3,
    "learning_rate": 0.056313278083961756,
    "subsample": 0.6537407427595282,
    "colsample_bytree": 0.7125328734079353,
    "min_child_weight": 0.08321577076965538,
    "reg_alpha": 1.1133047249019574e-07,
    "reg_lambda": 7.409195089916218e-05
  },
  "苯酚,ug/支": {
    "objective": "reg:squarederror",
    "random_state": 42,
    "n_jobs": -1,
    "tree_method": "hist",
    "device": "cuda",
    "n_estimators": 722,
    "max_depth": 3,
    "learning_rate": 0.048197334389948374,
    "subsample": 0.6445477371682782,
    "colsample_bytree": 0.8685141973752741,
    "min_child_weight": 0.13583657499528143,
    "reg_alpha": 1.269203402546375,
    "reg_lambda": 0.08628185318474473
  },
  "巴豆醛,ug/支": {
    "objective": "reg:squarederror",
    "random_state": 42,
    "n_jobs": -1,
    "tree_method": "hist",
    "device": "cuda",
    "n_estimators": 681,
    "max_depth": 3,
    "learning_rate": 0.01644774461566515,
    "subsample": 0.8050456841999041,
    "colsample_bytree": 0.9357687089737915,
    "min_child_weight": 0.09776241096456653,
    "reg_alpha": 1.554644126123815e-06,
    "reg_lambda": 0.0034599686828925644
  },
  "NH3,ug/支": {
    "objective": "reg:squarederror",
    "random_state": 42,
    "n_jobs": -1,
    "tree_method": "hist",
    "device": "cuda",
    "n_estimators": 302,
    "max_depth": 5,
    "learning_rate": 0.038147876232448016,
    "subsample": 0.7078349435778689,
    "colsample_bytree": 0.6286992778348625,
    "min_child_weight": 5.09872055522383,
    "reg_alpha": 2.8557889225697455e-05,
    "reg_lambda": 1.5743672279950573e-08
  },
  "BaP,ng/支": {
    "objective": "reg:squarederror",
    "random_state": 42,
    "n_jobs": -1,
    "tree_method": "hist",
    "device": "cuda",
    "n_estimators": 714,
    "max_depth": 6,
    "learning_rate": 0.017952144320536507,
    "subsample": 0.6761480102844352,
    "colsample_bytree": 0.7107108408116319,
    "min_child_weight": 0.042959724047186024,
    "reg_alpha": 0.07505199043475952,
    "reg_lambda": 5.655643889226444e-05
  },
  "NNK,ng/支": {
    "objective": "reg:squarederror",
    "random_state": 42,
    "n_jobs": -1,
    "tree_method": "hist",
    "device": "cuda",
    "n_estimators": 518,
    "max_depth": 7,
    "learning_rate": 0.02039902162716406,
    "subsample": 0.6269076395538881,
    "colsample_bytree": 0.8188003289082015,
    "min_child_weight": 0.6731653098735184,
    "reg_alpha": 0.04502509951669384,
    "reg_lambda": 0.4484553767246749
  },
  "焦油,mg/支": {
    "objective": "reg:squarederror",
    "random_state": 42,
    "n_jobs": -1,
    "tree_method": "hist",
    "device": "cuda",
    "n_estimators": 744,
    "max_depth": 3,
    "learning_rate": 0.06540560701351564,
    "subsample": 0.6426252979131823,
    "colsample_bytree": 0.878189055122407,
    "min_child_weight": 0.7979909285294051,
    "reg_alpha": 3.5092967297689826e-06,
    "reg_lambda": 0.061447322463956504
  },
  "烟碱,mg/支": {
    "objective": "reg:squarederror",
    "random_state": 42,
    "n_jobs": -1,
    "tree_method": "hist",
    "device": "cuda",
    "n_estimators": 540,
    "max_depth": 5,
    "learning_rate": 0.04532063529295646,
    "subsample": 0.8272266265560606,
    "colsample_bytree": 0.8660698517703787,
    "min_child_weight": 6.850209810759792,
    "reg_alpha": 6.158495456360088e-05,
    "reg_lambda": 2.7472724218102154
  }
}